doc_id,predicted_scores,human_scores,system_id,score_variance
dm-test-2feca9acf532e33f1ab7442c442c8e19787d8d7b,1.0058600529887256,2.6666666666666665,M20,4.266285414478385e-08
dm-test-3ba3bde4a1440134bb38ec22ba50db59986b544c,2.5537590203995046,5.0,M12,0.00029181555309270484
cnn-test-c05bda9b387ec8ae43803170b6f59b4b82505db9,3.541757565126319,5.0,M2,0.00013906380731856975
dm-test-14c813567696f4e63a39993c09d4edb454036179,2.707846832604079,5.0,M9,8.887459806952526e-05
